{"cameraMode":{"drawMode":0,"name":"Shaded","section":"Shading Mode"},"sceneLighting":true,"audioPlay":false,"sceneViewState":{"m_AlwaysRefresh":false,"showFog":true,"showSkybox":true,"showFlares":true,"showImageEffects":true,"showParticleSystems":true,"showVisualEffectGraphs":true,"m_FxEnabled":true},"in2DMode":false,"pivot":{"x":0.37008172273635867,"y":0.45465633273124697,"z":0.03537028282880783},"rotation":{"x":-0.005651002749800682,"y":0.9939695596694946,"z":-0.09000984579324722,"w":-0.06240273267030716},"size":0.8660253882408142,"orthographic":false}